{
    "instruments": [
        {
            "instrument": 1,
            "localPosition": {
                "x": 1.3209999799728394,
                "y": -0.37400001287460329,
                "z": -0.13300000131130219
            },
            "localRotation": {
                "x": 0.0,
                "y": 0.0,
                "z": 0.0
            }
        },
        {
            "instrument": 16,
            "localPosition": {
                "x": 0.0,
                "y": 0.49000000953674319,
                "z": -0.01600000075995922
            },
            "localRotation": {
                "x": 0.0,
                "y": 0.0,
                "z": 0.0
            }
        }
    ]
}